{
  "train": [
    0.1189708566442132,
    0.10390177401900291,
    0.10041830392181873,
    0.09887939237803221,
    0.09837664985656738,
    0.09781509237736463,
    0.09744345377385616,
    0.09709868452697992,
    0.09688389080762863,
    0.09685613864660263,
    0.09685268092155457,
    0.09695462983846664,
    0.09666474808007479,
    0.09686907715350389,
    0.09674233004450798,
    0.0965420055538416,
    0.09667360173910856,
    0.0964841926842928,
    0.09661971343308687,
    0.09651335313171149,
    0.09669970285892486,
    0.09653986193984747,
    0.09637832781672477,
    0.09657050123810768,
    0.09654999569058419,
    0.09646030356734991,
    0.09624187222123146,
    0.0964087668582797,
    0.0964407485499978,
    0.09611675346642733,
    0.09657575397938489,
    0.09640219017118215,
    0.09610133220255375,
    0.09608577124774456,
    0.09635724622756242,
    0.09612503802031279,
    0.0965418475419283,
    0.09627335458993912,
    0.09636433457583189,
    0.09642063911259174
  ],
  "val": [
    0.11704414749145507,
    0.11167020940780639,
    0.1097350464463234,
    0.10875179773569107,
    0.1079195961356163,
    0.1077917646765709,
    0.10766962891817093,
    0.10737717723846435,
    0.10732902789115906,
    0.10732037973403931,
    0.10733305650949478,
    0.10707675617933274,
    0.10706420016288758,
    0.10711272352933884,
    0.10710784769058228,
    0.10695012784004211,
    0.10711480057239532,
    0.1070359668135643,
    0.1069275200366974,
    0.10698693579435349,
    0.10702414500713349,
    0.10705919295549393,
    0.10701510292291641,
    0.10697563338279724,
    0.10692673867940902,
    0.10698713320493698,
    0.10702200424671172,
    0.10692843389511109,
    0.10689392560720444,
    0.10689461553096771,
    0.1069097535610199,
    0.10690172696113587,
    0.10690735679864884,
    0.10689907902479172,
    0.10690250927209854,
    0.10690602886676788,
    0.10690662777423858,
    0.1069047002196312,
    0.1069046248793602,
    0.10690414780378342
  ]
}