{
  "train": [
    0.14072053088992834,
    0.10595953010395169,
    0.10331950023025274,
    0.10178422965481877,
    0.10084755348041653,
    0.10056776251271367,
    0.10026784652471542,
    0.09874385985732079,
    0.098481325276196,
    0.0972964085675776,
    0.0973912659920752,
    0.09665990464761853,
    0.09487957522645593,
    0.09494036255776882,
    0.09414844000339508,
    0.09390563463419675,
    0.09472624990716577,
    0.09354558757320046,
    0.09359180733188986,
    0.09353942440077663
  ],
  "val": [
    0.1100092508494854,
    0.10490187460184097,
    0.10537005582451821,
    0.10556265425682068,
    0.10925133627653122,
    0.1020645863711834,
    0.10193292245268822,
    0.1018255515396595,
    0.10217138433456421,
    0.10031798085570336,
    0.09911125960946084,
    0.09933742406964302,
    0.098239182472229,
    0.0967656821012497,
    0.09782216292619705,
    0.09626553371548653,
    0.09842334511876107,
    0.0957379821240902,
    0.09864993846416473,
    0.09544442623853683
  ]
}